<?xml version="1.0" encoding="UTF-8"?>
<!DOCTYPE suite SYSTEM "https://testng.org/testng-1.0.dtd">
<suite name="SupplierSuite">
  <test thread-count="5" name="TestSupplier">
    <classes>
     <class name="com.test.Supplier.TestSupplierLogin"/>
      <class name="com.test.Supplier.TestSupplerDashboard"/>
      <class name="com.test.Supplier.TestSupplierDisplayrev"/>
      <class name="com.test.Supplier.TestSupplierBookStat"/>
      <class name="com.test.Supplier.TestSupplierLink"/>
      <class name="com.test.Supplier.TestSupplierLogout"/>
     
    </classes>
  </test> <!-- TestSupplier -->
</suite> <!-- SupplierSuite -->
