<?xml version="1.0" encoding="UTF-8"?>
<!DOCTYPE suite SYSTEM "https://testng.org/testng-1.0.dtd">
<suite name="Customer">
  <test  name="Functional Test">
    <classes>
      <class name="com.test.Customer.TestCustomerLogin"/>
       <class name="com.test.Customer.TestDisplayVoucher"/>
      <class name="com.test.Customer.TestPaypal"/>
       <class name="com.test.Customer.TestUpdateAdd"/>
       <class name="com.test.Customer.TestCustomerLink"/>
    </classes>
  </test> <!-- Functional Test -->
</suite> <!-- Customer -->
