<?xml version="1.0" encoding="UTF-8"?>
<!DOCTYPE suite SYSTEM "https://testng.org/testng-1.0.dtd">
<suite name="AdminSuite">
  <test name="TestAdmin">
    <classes>
      <class name="com.test.Admin.TestAdminLogin"/>
      <class name="com.test.Admin.TestAdminInvoice"/>
      <class name="com.test.Admin.TestAdminDelete"/>
      <class name="com.test.Admin.TestAdminWebsite"/>
       <class name="com.test.Admin.TestAdminChangeStat"/>
       <class name="com.test.Admin.TestAdminLogout"/>
    </classes>
  </test> <!-- TestAdmin -->
</suite> <!-- AdminSuite -->
